"<strong>Your Query</strong","<strong>Date</strong>,"<strong>Time</strong>"
"what is olympics",2016-8-19,13:51:6
"how old is usain bolt",2016-8-19,13:51:17
"how much pound is one dollar",2016-8-19,13:51:41
"Who is John snow",2016-8-19,17:39:50
"what is olympics",2016-8-19,17:40:13
"what's the meaning of life",2016-8-19,17:43:4
"who is usain bolt",2016-8-19,18:7:15
"WHO IS THIS MEAN",2016-8-19,18:55:29
"who is lionel messi",2016-8-19,19:39:27
"",2016-8-19,19:47:56
"who are you",2016-8-19,19:48:39
