"<strong>Missed Commands</strong","<strong>Date</strong>,"<strong>Time</strong>"
"Get me some milk",2016-8-19,11:30:46
"That was funny",2016-8-19,11:30:51
"Never Mind",2016-8-19,11:30:54
"Of course",2016-8-19,11:30:56
"Sorry to hear that",2016-8-19,11:30:59
"do i need and umbra",2016-8-19,13:19:23
"never say it",2016-8-19,13:27:41
"[A",2016-8-19,15:58:24
"how may gold has usa won in this olympic",2016-8-19,17:38:30
"",2016-8-19,17:42:15
"article about Raspberry pi",2016-8-19,17:45:34
"article",2016-8-19,17:45:39
"thankyou",2016-8-19,17:55:26
"",2016-8-19,18:6:12
"",2016-8-19,18:24:10
"introduce yourself",2016-8-19,18:28:5
"intrintroduction",2016-8-19,18:28:14
"is everything alright",2016-8-19,18:32:52
"MAKE ME YOUR THAT THE",2016-8-19,18:56:53
"GODDAMN YOURSELF BUT DAMN YOUR",2016-8-19,18:58:45
"READ THAT SAYS READ THAT YOURSELF",2016-8-19,18:59:26
"GET ME BABY",2016-8-19,19:14:50
"type",2016-8-19,19:30:27
"",2016-8-19,19:30:38
"messi",2016-8-19,19:40:22
"jasper",2016-8-19,19:52:18
"hello",2016-8-19,19:52:28
"jasper",2016-8-19,19:52:38
"MEET ME IN THE",2016-8-19,21:33:49
"CAN",2016-8-19,21:35:3
"GOOD BYE JARVIS AND",2016-8-19,21:36:26
"NEITHER",2016-8-19,21:37:26
"",2016-8-19,22:22:52
"",2016-8-19,22:23:12
