"<strong>Weather Status</strong","<strong>Feels like</strong>,"<strong>Chance of rain</strong>","<strong>Date</strong>","<strong>Time</strong"
""Partly Cloudy",30Celsius","20",2016-8-19,13:24:55
""Partly Cloudy",30Celsius","20",2016-8-19,13:25:14
""Partly Cloudy",30Celsius","20",2016-8-19,13:25:30
""Partly Cloudy",28Celsius,"0",2016-8-19,13:33:45
""Partly Cloudy",28Celsius,"0",2016-8-19,13:34:0
""Partly Cloudy",28Celsius,"0",2016-8-19,13:34:10
""Partly Cloudy",28Celsius,"0",2016-8-19,13:50:30
""Partly Cloudy",28Celsius,"0",2016-8-19,13:50:38
""Mostly Cloudy",23Celsius,"0",2016-8-19,17:38:8
""Mostly Cloudy",23Celsius,"0",2016-8-19,18:5:2
""Mostly Cloudy",23Celsius,"0",2016-8-19,18:56:6
""Mostly Cloudy",22Celsius,"0",2016-8-19,19:36:23
